{
  "reach_51111300391": {
    "dist_out": 2358.319057170558,
    "hydro_dist_out": 44155.33019524459,
    "n_rch_up": 1,
    "n_rch_down": 1
  },
  "reach_51111300071": {
    "n_rch_up": 1,
    "n_rch_down": 1
  },
  "reach_51111300051": {
    "n_rch_up": 1,
    "n_rch_down": 1
  },
  "topology_391": [
    [
      51111300391,
      "OC",
      "up",
      0,
      51111300071
    ],
    [
      51111300391,
      "OC",
      "down",
      0,
      51111300051
    ]
  ]
}